{"03/15": [28, 1, 1, 2, 5],
 "04/15": [20, 3, 6, 7, 0],
 "05/15": [11, 0, 7, 3, 0],
 "06/15": [8, 0, 3, 0, 0],
 "07/15": [7, 1, 4, 1, 0],
 "08/15": [4, 1, 1, 0, 0],
 "09/15": [15, 1, 1, 2, 0],
 "10/15": [2, 1, 0, 0, 1],
 "11/15": [0, 1, 1, 1, 0],
 "12/15": [1, 0, 2, 0, 0],
 "01/16": [1, 2, 2, 0, 0],
 "02/16": [0, 0, 0, 0, 0],
 "03/16": [6, 0, 3, 0, 0],
 "04/16": [2, 0, 0, 0, 0],
 "05/16": [2, 2, 0, 1, 0],
 "06/16": [2, 1, 1, 0, 0],
 "07/16": [0, 0, 1, 0, 0],
 "08/16": [12, 1, 0, 0, 0],
 "09/16": [0, 0, 0, 0, 0],
 "10/16": [6, 1, 5, 2, 0],
 "11/16": [0, 2, 3, 0, 0],
 "12/16": [5, 0, 1, 2, 0],
 "01/17": [7, 0, 0, 0, 0],
 "02/17": [7, 0, 0, 2, 0],
 "03/17": [3, 9, 0, 0, 0],
 "04/17": [0, 5, 0, 0, 0],
 "05/17": [0, 3, 1, 0, 0],
 "06/17": [0, 3, 0, 0, 0],
 "07/17": [1, 2, 0, 0, 0],
 "08/17": [0, 5, 0, 0, 0],
 "09/17": [0, 3, 1, 0, 0],
 "10/17": [0, 1, 0, 0, 0],
 "11/17": [3, 8, 0, 1, 0],
 "12/17": [12, 1, 1, 0, 1],
 "01/18": [2, 1, 0, 0, 1],
 "02/18": [2, 2, 0, 1, 0],
 "03/18": [4, 0, 0, 2, 0],
 "04/18": [5, 1, 0, 0, 0],
 "05/18": [2, 0, 0, 0, 0],
 "06/18": [6, 2, 1, 0, 0],
 "07/18": [1, 0, 0, 2, 0],
 "08/18": [13, 5, 0, 1, 0],
 "09/18": [0, 0, 3, 3, 1],
 "10/18": [1, 6, 2, 2, 0],
 "11/18": [5, 1, 3, 3, 0],
 "12/18": [6, 6, 18, 4, 0],
 "01/19": [3, 0, 3, 1, 0],
 "02/19": [3, 5, 4, 2, 0],
 "03/19": [0, 2, 1, 5, 0],
 "04/19": [2, 1, 0, 4, 0],
 "05/19": [1, 0, 0, 0, 0],
 "06/19": [1, 0, 0, 1, 0],
 "07/19": [0, 0, 1, 2, 0],
 "08/19": [7, 0, 0, 0, 0],
 "09/19": [11, 0, 2, 1, 0],
 "10/19": [0, 0, 0, 1, 0],
 "11/19": [0, 0, 5, 0, 0],
 "12/19": [2, 2, 1, 2, 0],
 "01/20": [4, 0, 0, 0, 1],
 "02/20": [7, 1, 1, 0, 0],
 "03/20": [0, 2, 0, 0, 0],
 "04/20": [1, 5, 2, 1, 0],
 "05/20": [0, 1, 0, 0, 0],
 "06/20": [1, 7, 0, 0, 0],
 "07/20": [0, 1, 2, 0, 0],
 "08/20": [0, 0, 0, 0, 0],
 "09/20": [0, 1, 0, 0, 0],
 "10/20": [0, 1, 1, 0, 0],
 "11/20": [1, 1, 0, 0, 0],
 "12/20": [6, 0, 4, 0, 0],
 "01/21": [3, 2, 0, 2, 0],
 "02/21": [3, 1, 2, 4, 0],
 "03/21": [4, 13, 1, 0, 0],
 "04/21": [1, 0, 0, 0, 1],
 "05/21": [0, 0, 0, 0, 0],
 "06/21": [1, 0, 0, 0, 0],
 "07/21": [3, 0, 0, 0, 0],
 "08/21": [2, 0, 0, 0, 0],
 "09/21": [1, 0, 0, 0, 0],
 "10/21": [1, 3, 0, 0, 0],
 "11/21": [0, 0, 0, 0, 0],
 "12/21": [1, 3, 0, 0, 0],
 "01/22": [5, 0, 0, 0, 1],
 "02/22": [1, 0, 0, 0, 1],
 "03/22": [4, 1, 2, 0, 0],
 "04/22": [1, 0, 5, 0, 0],
 "05/22": [0, 1, 0, 0, 0],
 "06/22": [0, 0, 1, 0, 0],
 "07/22": [0, 1, 0, 0, 0]}